price_usd,date
85787.70914901773,2025-03-24
87327.72969669085,2025-03-25
87520.58391530563,2025-03-26
86960.8555491039,2025-03-27
87227.27158032371,2025-03-28
84359.46915506005,2025-03-29
82679.17255385047,2025-03-30
82356.38111183756,2025-03-31
82514.09365397849,2025-04-01
85237.5876052852,2025-04-02
82526.4221526433,2025-04-03
83163.98757387721,2025-04-04
83852.00765399594,2025-04-05
83595.88550177493,2025-04-06
78211.48358199988,2025-04-07
79179.29226757778,2025-04-08
76329.090356324,2025-04-09
82622.17029546302,2025-04-10
79596.35732250768,2025-04-11
83439.28818043756,2025-04-12
85305.09728392666,2025-04-13
83600.82010054543,2025-04-14
84523.4524914945,2025-04-15
83656.49248858042,2025-04-16
84105.77942167096,2025-04-17
84930.90857600998,2025-04-18
84433.75017215389,2025-04-19
85126.66244301842,2025-04-20
85073.16544858096,2025-04-21
87452.04699068287,2025-04-22
93576.16588573981,2025-04-23
93605.45230873208,2025-04-24
93872.81422867288,2025-04-25
94773.11200643536,2025-04-26
94644.06637120107,2025-04-27
93809.33781968223,2025-04-28
95030.60645474444,2025-04-29
94256.35946318062,2025-04-30
94235.75331048167,2025-05-01
96426.94522273027,2025-05-02
96855.5681343944,2025-05-03
95922.86842404422,2025-05-04
94326.62048529249,2025-05-05
94758.8237105546,2025-05-06
96854.53198815876,2025-05-07
97026.49376966801,2025-05-08
103076.27555512934,2025-05-09
102962.54045692299,2025-05-10
104630.8792994166,2025-05-11
103994.061616746,2025-05-12
102876.8304286011,2025-05-13
104184.49039270742,2025-05-14
103594.42575090709,2025-05-15
103708.85136423641,2025-05-16
103556.03493982446,2025-05-17
103212.36483885496,2025-05-18
106030.6376831359,2025-05-19
105629.41580436694,2025-05-20
106786.71995834043,2025-05-21
109665.86371625263,2025-05-22
110722.14557130734,2025-05-22
